{"cameraMode":{"drawMode":0,"name":"Shaded","section":"Shading Mode"},"sceneLighting":true,"audioPlay":false,"sceneViewState":{"showFog":true,"showMaterialUpdate":true,"showSkybox":true,"showFlares":true,"showImageEffects":true,"showParticleSystems":true},"in2DMode":false,"pivot":{"x":19.943065643310548,"y":0.29607442021369936,"z":0.7966876029968262},"rotation":{"x":-0.17109064757823945,"y":-0.6621267199516296,"z":0.15909607708454133,"w":-0.7120453715324402},"size":4.606052875518799,"orthographic":false}