{"cameraMode":{"drawMode":0,"name":"Shaded","section":"Shading Mode"},"sceneLighting":false,"audioPlay":false,"sceneViewState":{"showFog":true,"showMaterialUpdate":false,"showSkybox":false,"showFlares":true,"showImageEffects":true,"showParticleSystems":true},"in2DMode":false,"pivot":{"x":-0.32140016555786135,"y":0.38121187686920168,"z":0.520369291305542},"rotation":{"x":-0.0797685831785202,"y":0.8869070410728455,"z":-0.16717827320098878,"w":-0.4231858551502228},"size":3.4414780139923097,"orthographic":false}